{"initial_reset_timestamp": 165.9725994, "timestamps": [178.5838567], "episode_lengths": [374], "episode_rewards": [272.3064551784238], "episode_types": ["t"]}