{"initial_reset_timestamp": 246.0693528, "timestamps": [253.5011732], "episode_lengths": [159], "episode_rewards": [96.29095722827705], "episode_types": ["t"]}